COMPANY_NAME;CLIENT_ID;RATE
Социальная организация №6;1;1,25
Социальная организация №2;2;1,25
Социальная организация №5;3;1,3
Социальная организация №1;4;1,2
Социальная организация №5;5;1,3
Социальная организация №1;6;1,2
Социальная организация №3;7;1,3
Социальная организация №4;8;1,3
Социальная организация №4;9;1,3
Социальная организация №1;10;1,2
Социальная организация №4;11;1,3
Социальная организация №2;12;1,25
Социальная организация №6;13;1,25
Социальная организация №1;14;1,2
Социальная организация №3;15;1,3
Социальная организация №2;16;1,25
Социальная организация №5;17;1,3
Социальная организация №3;18;1,3
Социальная организация №5;19;1,3
Социальная организация №1;20;1,2
Социальная организация №3;21;1,3
Социальная организация №2;22;1,25
Социальная организация №4;23;1,3
Социальная организация №1;24;1,2
Социальная организация №4;25;1,3
Социальная организация №1;26;1,2
Социальная организация №3;27;1,3
Социальная организация №1;28;1,2
Социальная организация №3;29;1,3
Социальная организация №5;30;1,3
Социальная организация №1;31;1,2
Социальная организация №5;32;1,3
Социальная организация №5;33;1,3
Социальная организация №3;34;1,3
Социальная организация №4;35;1,3
Социальная организация №6;36;1,25
Социальная организация №6;37;1,25
Социальная организация №3;38;1,3
Социальная организация №5;39;1,3
Социальная организация №5;40;1,3
Социальная организация №3;41;1,3
Социальная организация №5;42;1,3
Социальная организация №2;43;1,25
Социальная организация №1;44;1,2
Социальная организация №5;45;1,3
Социальная организация №3;46;1,3
Социальная организация №5;47;1,3
Социальная организация №5;48;1,3
Социальная организация №6;49;1,25
Социальная организация №6;50;1,25
Социальная организация №2;51;1,25
Социальная организация №5;52;1,3
Социальная организация №1;53;1,2
Социальная организация №3;54;1,3
Социальная организация №4;55;1,3
Социальная организация №4;56;1,3
Социальная организация №2;57;1,25
Социальная организация №4;58;1,3
Социальная организация №1;59;1,2
Социальная организация №3;60;1,3
Социальная организация №6;61;1,25
Социальная организация №3;62;1,3
Социальная организация №4;63;1,3
Социальная организация №6;64;1,25
Социальная организация №3;65;1,3
Социальная организация №3;66;1,3
Социальная организация №6;67;1,25
Социальная организация №5;68;1,3
Социальная организация №2;69;1,25
Социальная организация №3;70;1,3
Социальная организация №3;71;1,3
Социальная организация №4;72;1,3
Социальная организация №2;73;1,25
Социальная организация №1;74;1,2
Социальная организация №3;75;1,3
Социальная организация №1;76;1,2
Социальная организация №1;77;1,2
Социальная организация №5;78;1,3
Социальная организация №2;79;1,25
Социальная организация №4;80;1,3
Социальная организация №6;81;1,25
Социальная организация №3;82;1,3
Социальная организация №3;83;1,3
Социальная организация №1;84;1,2
Социальная организация №1;85;1,2
Социальная организация №1;86;1,2
Социальная организация №2;87;1,25
Социальная организация №1;88;1,2
Социальная организация №3;89;1,3
Социальная организация №4;90;1,3
Социальная организация №3;91;1,3
Социальная организация №6;92;1,25
Социальная организация №4;93;1,3
Социальная организация №5;94;1,3
Социальная организация №6;95;1,25
Социальная организация №2;96;1,25
Социальная организация №2;97;1,25
Социальная организация №5;98;1,3
Социальная организация №2;99;1,25
Социальная организация №5;100;1,3
Социальная организация №2;101;1,25
Социальная организация №5;102;1,3
Социальная организация №2;103;1,25
Социальная организация №4;104;1,3
Социальная организация №3;105;1,3
Социальная организация №6;106;1,25
Социальная организация №4;107;1,3
Социальная организация №4;108;1,3
Социальная организация №4;109;1,3
Социальная организация №1;110;1,2
Социальная организация №1;111;1,2
Социальная организация №2;112;1,25
Социальная организация №3;113;1,3
Социальная организация №5;114;1,3
Социальная организация №5;115;1,3
Социальная организация №1;116;1,2
Социальная организация №4;117;1,3
Социальная организация №1;118;1,2
Социальная организация №2;119;1,25
Социальная организация №4;120;1,3
Социальная организация №1;121;1,2
Социальная организация №2;122;1,25
Социальная организация №5;123;1,3
Социальная организация №4;124;1,3
Социальная организация №2;125;1,25
Социальная организация №3;126;1,3
Социальная организация №6;127;1,25
Социальная организация №1;128;1,2
Социальная организация №3;129;1,3
Социальная организация №1;130;1,2
Социальная организация №6;131;1,25
Социальная организация №1;132;1,2
Социальная организация №3;133;1,3
Социальная организация №4;134;1,3
Социальная организация №1;135;1,2
Социальная организация №5;136;1,3
Социальная организация №3;137;1,3
Социальная организация №4;138;1,3
Социальная организация №5;139;1,3
Социальная организация №3;140;1,3
Социальная организация №6;141;1,25
Социальная организация №1;142;1,2
Социальная организация №3;143;1,3
Социальная организация №2;144;1,25
Социальная организация №4;145;1,3
Социальная организация №1;146;1,2
Социальная организация №5;147;1,3
Социальная организация №1;148;1,2
Социальная организация №6;149;1,25
Социальная организация №3;150;1,3
Социальная организация №5;151;1,3
Социальная организация №5;152;1,3
Социальная организация №4;153;1,3
Социальная организация №3;154;1,3
Социальная организация №3;155;1,3
Социальная организация №1;156;1,2
Социальная организация №2;157;1,25
Социальная организация №5;158;1,3
Социальная организация №2;159;1,25
Социальная организация №3;160;1,3
Социальная организация №4;161;1,3
Социальная организация №2;162;1,25
Социальная организация №1;163;1,2
Социальная организация №4;164;1,3
Социальная организация №2;165;1,25
Социальная организация №2;166;1,25
Социальная организация №5;167;1,3
Социальная организация №1;168;1,2
Социальная организация №5;169;1,3
Социальная организация №1;170;1,2
Социальная организация №2;171;1,25
Социальная организация №1;172;1,2
Социальная организация №6;173;1,25
Социальная организация №1;174;1,2
Социальная организация №2;175;1,25
Социальная организация №2;176;1,25
Социальная организация №3;177;1,3
Социальная организация №2;178;1,25
Социальная организация №1;179;1,2
Социальная организация №5;180;1,3
Социальная организация №3;181;1,3
Социальная организация №1;182;1,2
Социальная организация №6;183;1,25
Социальная организация №1;184;1,2
Социальная организация №6;185;1,25
Социальная организация №6;186;1,25
Социальная организация №2;187;1,25
Социальная организация №4;188;1,3
Социальная организация №5;189;1,3
Социальная организация №2;190;1,25
Социальная организация №6;191;1,25
Социальная организация №4;192;1,3
Социальное учреждение N6;193;1,25
Социальная организация №4;194;1,3
Социальная организация №5;195;1,3
Социальная организация №1;196;1,2
Социальная организация №3;197;1,3
Социальная организация №4;198;1,3
Социальная организация №2;199;1,25
Социальная организация №6;200;1,25
Социальная организация №3;201;1,3
Социальная организация №1;202;1,2
Социальная организация №4;203;1,3
Социальная организация №3;204;1,3
Социальная организация №6;205;1,25
Социальная организация №6;206;1,25
Социальная организация №2;207;1,25
Социальная организация №3;208;1,3
Социальная организация №6;209;1,25
Социальная организация №1;210;1,2
Социальная организация №5;211;1,3
Социальная организация №3;212;1,3
Социальная организация №5;213;1,3
Социальная организация №3;214;1,3
Социальная организация №3;215;1,3
Социальная организация №3;216;1,3
Социальная организация №4;217;1,3
Социальная организация №4;218;1,3
Социальная организация №3;219;1,3
Социальная организация №4;220;1,3
Социальная организация №3;221;1,3
Социальная организация №3;222;1,3
Социальная организация №3;223;1,3
Социальная организация №2;224;1,25
Социальная организация №1;225;1,2
Социальная организация №5;226;1,3
Социальная организация №5;227;1,3
Социальная организация №3;228;1,3
Социальная организация №5;229;1,3
Социальная организация №5;230;1,3
Социальная организация №1;231;1,2
Социальная организация №6;232;1,25
Социальная организация №6;233;1,25
Социальная организация №5;234;1,3
Социальная организация №4;235;1,3
Социальная организация №4;236;1,3
Социальная организация №3;237;1,3
Социальная организация №1;238;1,2
Социальная организация №2;239;1,25
Социальная организация №3;240;1,3
Социальная организация №6;241;1,25
Социальная организация №3;242;1,3
Социальная организация №2;243;1,25
Социальная организация №5;244;1,3
Социальная организация №5;245;1,3
Социальная организация №5;246;1,3
Социальная организация №3;247;1,3
Социальная организация №2;248;1,25
Социальная организация №4;249;1,3
Социальная организация №2;250;1,25
Социальная организация №3;251;1,3
Социальная организация №4;252;1,3
Социальная организация №4;253;1,3
Социальная организация №5;254;1,3
Социальная организация №1;255;1,2
Социальная организация №2;256;1,25
Социальная организация №5;257;1,3
Социальная организация №3;258;1,3
Социальная организация №3;259;1,3
Социальная организация №4;260;1,3
Социальная организация №4;261;1,3
Социальная организация №3;262;1,3
Социальная организация №6;263;1,25
Социальная организация №4;264;1,3
Социальная организация №5;265;1,3
Социальная организация №1;266;1,2
Социальная организация №1;267;1,2
Социальная организация №3;268;1,3
Социальная организация №2;269;1,25
Социальная организация №1;270;1,2
Социальная организация №3;271;1,3
Социальная организация №6;272;1,25
Социальная организация №2;273;1,25
Социальная организация №3;274;1,3
Социальная организация №5;275;1,3
Социальная организация №6;276;1,25
Социальная организация №1;277;1,2
Социальная организация №2;278;1,25
Социальная организация №5;279;1,3
Социальное учреждение N6;280;1,25
Социальная организация №1;281;1,2
Социальная организация №2;282;1,25
Социальная организация №5;283;1,3
Социальная организация №5;284;1,3
Социальная организация №1;285;1,2
Социальная организация №5;286;1,3
Социальная организация №3;287;1,3
Социальная организация №6;288;1,25
Социальная организация №1;289;1,2
Социальная организация №2;290;1,25
Социальная организация №5;291;1,3
Социальная организация №2;292;1,25
Социальная организация №6;293;1,25
Социальная организация №4;294;1,3
Социальная организация №1;295;1,2
Социальная организация №5;296;1,3
Социальная организация №3;297;1,3
Социальная организация №1;298;1,2
Социальная организация №3;299;1,3
Социальная организация №3;300;1,3
Социальная организация №1;301;1,2
Социальная организация №2;302;1,25
Социальная организация №5;303;1,3
Социальная организация №3;304;1,3
Социальная организация №4;305;1,3
Социальная организация №2;306;1,25
Социальная организация №2;307;1,25
Социальная организация №1;308;1,2
Социальная организация №1;309;1,2
Социальная организация №5;310;1,3
Социальная организация №3;311;1,3
Социальная организация №6;312;1,25
Социальная организация №5;313;1,3
Социальная организация №1;314;1,2
Социальная организация №3;315;1,3
Социальная организация №1;316;1,2
Социальная организация №1;317;1,2
Социальная организация №4;318;1,3
Социальная организация №6;319;1,25
Социальная организация №5;320;1,3
Социальная организация №4;321;1,3
Социальная организация №1;322;1,2
Социальная организация №1;323;1,2
Социальная организация №2;324;1,25
Социальная организация №5;325;1,3
Социальная организация №4;326;1,3
Социальная организация №1;327;1,2
Социальная организация №1;328;1,2
Социальное учреждение N6;329;1,25
Социальная организация №1;330;1,2
Социальная организация №1;331;1,2
Социальная организация №3;332;1,3
Социальная организация №5;333;1,3
Социальная организация №3;334;1,3
Социальная организация №6;335;1,25
Социальная организация №4;336;1,3
Социальная организация №6;337;1,25
Социальная организация №1;338;1,2
Социальная организация №4;339;1,3
Социальная организация №1;340;1,2
Социальная организация №5;341;1,3
Социальная организация №5;342;1,3
Социальная организация №1;343;1,2
Социальная организация №6;344;1,25
Социальное учреждение 3;345;1,3
Социальная организация №6;346;1,25
Социальная организация №5;347;1,3
Социальная организация №4;348;1,3
Социальная организация №1;349;1,2
Социальная организация №4;350;1,3
Социальная организация №4;351;1,3
Социальная организация №4;352;1,3
Социальная организация №1;353;1,2
Социальная организация №2;354;1,25
Социальная организация №6;355;1,25
Социальная организация №5;356;1,3
Социальная организация №6;357;1,25
Социальное учреждение 3;358;1,3
Социальная организация №1;359;1,2
Социальная организация №1;360;1,2
Социальная организация №4;361;1,3
Социальная организация №4;362;1,3
Социальное учреждение 3;363;1,3
Социальная организация №6;364;1,25
Социальная организация №5;365;1,3
Социальное учреждение 3;366;1,3
Социальная организация №5;367;1,3
Социальное учреждение 3;368;1,3
Социальная организация №1;369;1,2
Социальная организация №5;370;1,3
Социальная организация №6;371;1,25
Социальная организация №1;372;1,2
Социальная организация №5;373;1,3
Социальная организация №5;374;1,3
Социальная организация №4;375;1,3
Социальная организация №4;376;1,3
Социальная организация №4;377;1,3
Социальная организация №1;378;1,2
Социальная организация №5;379;1,3
Социальная организация №4;380;1,3
Социальная организация №1;381;1,2
Социальная организация №5;382;1,3
Социальная организация №6;383;1,25
Социальная организация №5;384;1,3
Социальная организация №2;385;1,25
Социальная организация №1;386;1,2
Социальная организация №4;387;1,3
Социальная организация №4;388;1,3
Социальная организация №1;389;1,2
Социальная организация №5;390;1,3
Социальная организация №4;391;1,3
Социальная организация №1;392;1,2
Социальная организация №5;393;1,3
Социальная организация №5;394;1,3
Социальная организация №6;395;1,25
Социальное учреждение 3;396;1,3
Социальная организация №1;397;1,2
Социальное учреждение 3;398;1,3
Социальное учреждение 3;399;1,3
Социальная организация №5;400;1,3
Социальная организация №2;401;1,25
Социальная организация №2;402;1,25
Социальная организация №5;403;1,3
Социальная организация №6;404;1,25
Социальная организация №2;405;1,25
Социальная организация №6;406;1,25
Социальная организация №6;407;1,25
Социальная организация №6;408;1,25
Социальная организация №4;409;1,3
Социальное учреждение 3;410;1,3
Социальная организация №5;411;1,3
Социальная организация №6;412;1,25
Социальная организация №5;413;1,3
Социальная организация №6;414;1,25
Социальная организация №5;415;1,3
Социальная организация №5;416;1,3
Социальная организация №1;417;1,2
Социальная организация №5;418;1,3
Социальная организация №2;419;1,25
Социальная организация №5;420;1,3
Социальная организация №1;421;1,2
Социальная организация №6;422;1,25
Социальная организация №1;423;1,2
Социальное учреждение 3;424;1,3
Социальная организация №6;425;1,25
Социальная организация №2;426;1,25
Социальная организация №5;427;1,3
Социальная организация №2;428;1,25
Социальная организация №4;429;1,3
Социальная организация №4;430;1,3
Социальное учреждение 3;431;1,3
Социальная организация №4;432;1,3
Социальная организация №6;433;1,25
Социальная организация №2;434;1,25
Социальная организация №4;435;1,3
Социальная организация №6;436;1,25
Социальная организация №4;437;1,3
Социальная организация №5;438;1,3
Социальная организация №5;439;1,3
Социальная организация №5;440;1,3
Социальная организация №1;441;1,2
Социальная организация №6;442;1,25
Социальное учреждение 3;443;1,3
Социальная организация №5;444;1,3
Социальная организация №1;445;1,2
Социальная организация №6;446;1,25
Социальная организация №2;447;1,25
Социальная организация №4;448;1,3
Социальная организация №4;449;1,3
Социальная организация №2;450;1,25
Социальная организация №4;451;1,3
Социальная организация №2;452;1,25
Социальная организация №6;453;1,25
Социальное учреждение 3;454;1,3
Социальная организация №1;455;1,2
Социальная организация №2;456;1,25
Социальная организация №4;457;1,3
Социальное учреждение 3;458;1,3
Социальная организация №2;459;1,25
Социальная организация №5;460;1,3
Социальная организация №5;461;1,3
Социальная организация №1;462;1,2
Социальное учреждение 3;463;1,3
Социальная организация №4;464;1,3
Социальная организация №1;465;1,2
Социальная организация №2;466;1,25
Соц организация 3;467;1,3
Соц организация 3;468;1,3
Социальная организация №4;469;1,3
Социальная организация №5;470;1,3
Соц организация 3;471;1,3
Социальная организация №4;472;1,3
Социальная организация №1;473;1,2
Соц организация 3;474;1,3
Социальная организация №5;475;1,3
Социальная организация №2;476;1,25
Соц организация 3;477;1,3
Социальная организация №5;478;1,3
Социальная организация №1;479;1,2
Социальная организация №1;480;1,2
Социальная организация №4;481;1,3
Социальная организация №2;482;1,25
Социальная организация №5;483;1,3
Социальная организация №4;484;1,3
Социальная организация №5;485;1,3
Социальная организация №4;486;1,3
Социальная организация №4;487;1,3
Социальная организация №4;488;1,3
Социальная организация №4;489;1,3
Социальная организация №6;490;1,25
Социальная организация №4;491;1,3
Социальная организация №6;492;1,25
Социальное учреждение 3;493;1,3
Социальное учреждение 3;494;1,3
Социальная организация №2;495;1,25
Социальная организация №1;496;1,2
Социальная организация №6;497;1,25
Социальная организация №1;498;1,2
Социальное учреждение 3;499;1,3
Социальная организация №2;500;1,25
Социальная организация №1;501;1,2
Социальная организация №5;502;1,3
Социальная организация №1;503;1,2
Социальная организация №6;504;1,25
Социальная организация №1;505;1,2
Социальная организация №6;506;1,25
Социальная организация №2;507;1,25
Социальная организация №4;508;1,3
Социальная организация №6;509;1,25
Социальная организация №4;510;1,3
Социальная организация №4;511;1,3
Социальная организация №6;512;1,25
Социальная организация №1;513;1,2
Социальная организация №2;514;1,25
Социальная организация №4;515;1,3
Социальная организация №6;516;1,25
Социальная организация №2;517;1,25
Социальная организация №2;518;1,25
Социальная организация №1;519;1,2
Социальная организация №4;520;1,3
Социальная организация №6;521;1,25
Социальная организация №1;522;1,2
Социальная организация №1;523;1,2
Социальная организация №5;524;1,3
Социальная организация №4;525;1,3
Социальная организация №6;526;1,25
Социальная организация №6;527;1,25
Социальная организация №5;528;1,3
Социальная организация №2;529;1,25
Социальное учреждение 3;530;1,3
Социальная организация №5;531;1,3
Социальное учреждение 3;532;1,3
Социальная организация №4;533;1,3
Социальная организация №4;534;1,3
Социальная организация №6;535;1,25
Социальная организация №2;536;1,25
Социальная организация №1;537;1,2
Социальное учреждение 3;538;1,3
Социальная организация №1;539;1,2
Социальная организация №5;540;1,3
Социальная организация №2;541;1,25
Социальная организация №6;542;1,25
Социальная организация №2;543;1,25
Социальная организация №1;544;1,2
Социальная организация №1;545;1,2
Социальное учреждение 3;546;1,3
Социальная организация №2;547;1,25
Социальное учреждение 3;548;1,3
Социальная организация №2;549;1,25
Социальная организация №3;550;1,3
Социальная организация №6;551;1,25
Социальная организация №6;552;1,25
Социальная организация №6;553;1,25
Социальная организация №5;554;1,3
Социальная организация №2;555;1,25
Социальная организация №6;556;1,25
Социальная организация №1;557;1,2
Социальная организация №6;558;1,25
Социальная организация №1;559;1,2
Социальная организация №5;560;1,3
Социальная организация №5;561;1,3
Социальная организация №2;562;1,25
Социальная организация №3;563;1,3
Социальная организация №5;564;1,3
Социальная организация №2;565;1,25
Социальная организация №1;566;1,2
Социальная организация №5;567;1,3
Социальная организация №6;568;1,25
Социальная организация №4;569;1,3
Социальная организация №1;570;1,2
Социальная организация №1;571;1,2
Социальная организация №2;572;1,25
Социальная организация №3;573;1,3
Социальная организация №6;574;1,25
Социальная организация №6;575;1,25
Социальная организация №1;576;1,2
Социальная организация №4;577;1,3
Социальная организация №1;578;1,2
Социальная организация №2;579;1,25
Социальная организация №4;580;1,3
Социальная организация №2;581;1,25
Социальная организация №6;582;1,25
Социальная организация №6;583;1,25
Социальная организация №4;584;1,3
Социальная организация №1;585;1,2
Социальная организация №3;586;1,3
Социальная организация №1;587;1,2
Социальная организация №5;588;1,3
Социальная организация №6;589;1,25
Социальная организация №5;590;1,3
Социальная организация №6;591;1,25
Социальная организация №6;592;1,25
Социальная организация №6;593;1,25
Социальная организация №3;594;1,3
Социальная организация №1;595;1,2
Социальная организация №5;596;1,3
Социальная организация №2;597;1,25
Социальная организация №2;598;1,25
Социальная организация №2;599;1,25
Социальная организация №4;600;1,3
Социальная организация №2;601;1,25
Социальная организация №2;602;1,25
Социальная организация №3;603;1,3
Социальная организация №2;604;1,25
Социальная организация №4;605;1,3
Социальная организация №3;606;1,3
Социальная организация №4;607;1,3
Социальная организация №2;608;1,25
Социальная организация №2;609;1,25
Социальная организация №6;610;1,25
Социальная организация №6;611;1,25
Социальная организация №2;612;1,25
Социальная организация №5;613;1,3
Социальная организация №4;614;1,3
Социальная организация №6;615;1,25
Социальная организация №3;616;1,3
Социальная организация №6;617;1,25
Социальная организация №2;618;1,25
Социальная организация №2;619;1,25
Социальная организация №6;620;1,25
Социальная организация №2;621;1,25
Социальная организация №1;622;1,2
Социальная организация №4;623;1,3
Социальная организация №3;624;1,3
Социальная организация №4;625;1,3
Социальная организация №6;626;1,25
Социальная организация №1;627;1,2
Социальная организация №5;628;1,3
Социальная организация №5;629;1,3
Социальная организация №2;630;1,25
Социальная организация №1;631;1,2
Социальная организация №6;632;1,25
Социальная организация №1;633;1,2
Социальная организация №1;634;1,2
Социальная организация №3;635;1,3
Социальная организация №2;636;1,25
Социальная организация №6;637;1,25
Социальная организация №1;638;1,2
Социальная организация №1;639;1,2
Социальная организация №3;640;1,3
Социальная организация №1;641;1,2
Социальная организация №2;642;1,25
Социальная организация №5;643;1,3
Социальная организация №5;644;1,3
Социальная организация №4;645;1,3
Социальная организация №4;646;1,3
Социальная организация №4;647;1,3
Социальная организация №5;648;1,3
Социальная организация №1;649;1,2
Социальная организация №2;650;1,25
Социальная организация №1;651;1,2
Социальная организация №2;652;1,25
Социальная организация №5;653;1,3
Социальная организация №5;654;1,3
Социальная организация №5;655;1,3
Социальная организация №2;656;1,25
Социальная организация №6;657;1,25
Социальная организация №4;658;1,3
Социальная организация №6;659;1,25
Социальная организация №2;660;1,25
Социальная организация №2;661;1,25
Социальная организация №2;662;1,25
Социальная организация №4;663;1,3
Социальная организация №6;664;1,25
Социальная организация №1;665;1,2
Социальная организация №4;666;1,3
Социальная организация №3;667;1,3
Социальная организация №4;668;1,3
Социальная организация №2;669;1,25
Социальная организация №2;670;1,25
Социальная организация №5;671;1,3
Социальная организация №2;672;1,25
Социальная организация №4;673;1,3
Социальная организация №3;674;1,3
Социальная организация №6;675;1,25
Социальная организация №2;676;1,25
Социальная организация №5;677;1,3
Социальная организация №4;678;1,3
Социальная организация №3;679;1,3
Социальная организация №6;680;1,25
Социальная организация №3;681;1,3
Социальная организация №4;682;1,3
Социальная организация №3;683;1,3
Социальная организация №1;684;1,2
Социальная организация №5;685;1,3
Социальная организация №6;686;1,25
Социальная организация №1;687;1,2
Социальная организация №3;688;1,3
Социальная организация №6;689;1,25
Социальная организация №1;690;1,2
Социальная организация №1;691;1,2
Социальная организация №6;692;1,25
Социальная организация №2;693;1,25
Социальная организация №3;694;1,3
Социальная организация №6;695;1,25
Социальная организация №5;696;1,3
Социальная организация №5;697;1,3
Социальная организация №3;698;1,3
Социальная организация №1;699;1,2
Социальная организация №2;700;1,25
Социальная организация №6;701;1,25
Социальная организация №3;702;1,3
Социальная организация №4;703;1,3
Социальная организация №4;704;1,3
Социальная организация №3;705;1,3
Социальная организация №2;706;1,25
Социальная организация №4;707;1,3
Социальная организация №3;708;1,3
Социальная организация №5;709;1,3
Социальная организация №2;710;1,25
Социальная организация №3;711;1,3
Социальная организация №3;712;1,3
Социальная организация №3;713;1,3
Социальная организация №6;714;1,25
Социальная организация №3;715;1,3
Социальная организация №5;716;1,3
Социальная организация №4;717;1,3
Социальная организация №3;718;1,3
Социальная организация №3;719;1,3
Социальная организация №1;720;1,2
Социальная организация №1;721;1,2
Социальная организация №2;722;1,25
Социальная организация №3;723;1,3
Социальная организация №3;724;1,3
Социальная организация №6;725;1,25
Социальная организация №3;726;1,3
Социальная организация №5;727;1,3
Социальная организация №3;728;1,3
Социальная организация №2;729;1,25
Социальная организация №1;730;1,2
Социальная организация №4;731;1,3
Социальная организация №5;732;1,3
Социальная организация №2;733;1,25
Социальная организация №1;734;1,2
Социальная организация №4;735;1,3
Социальная организация №6;736;1,25
Социальная организация №4;737;1,3
Социальная организация №4;738;1,3
Социальная организация №1;739;1,2
Социальная организация №6;740;1,25
Социальная организация №1;741;1,2
Социальная организация №6;742;1,25
Социальная организация №1;743;1,2
Социальная организация №3;744;1,3
Социальная организация №6;745;1,25
Социальная организация №5;746;1,3
Социальная организация №1;747;1,2
Социальная организация №1;748;1,2
Социальная организация №2;749;1,25
Социальная организация №6;750;1,25
Социальная организация №3;751;1,3
Социальная организация №5;752;1,3
Социальная организация №4;753;1,3
Социальная организация №3;754;1,3
Социальная организация №2;755;1,25
Социальная организация №6;756;1,25
Социальная организация №5;757;1,3
Социальная организация №5;758;1,3
Социальная организация №5;759;1,3
Социальная организация №3;760;1,3
Социальная организация №4;761;1,3
Социальная организация №6;762;1,25
Социальная организация №1;763;1,2
Социальная организация №3;764;1,3
Социальная организация №6;765;1,25
Социальная организация №2;766;1,25
Социальная организация №1;767;1,2
Социальная организация №2;768;1,25
Социальная организация №6;769;1,25
Социальная организация №3;770;1,3
Социальная организация №1;771;1,2
Социальная организация №6;772;1,25
Социальная организация №4;773;1,3
Социальная организация №5;774;1,3
Социальная организация №4;775;1,3
Социальная организация №3;776;1,3
Социальная организация №5;777;1,3
Социальная организация №6;778;1,25
Социальная организация №2;779;1,25
Социальная организация №6;780;1,25
Социальная организация №1;781;1,2
Социальная организация №4;782;1,3
Социальная организация №1;783;1,2
Социальная организация №3;784;1,3
Социальная организация №4;785;1,3
Социальная организация №4;786;1,3
Социальная организация №1;787;1,2
Социальная организация №6;788;1,25
Социальная организация №1;789;1,2
Социальная организация №3;790;1,3
Социальная организация №1;791;1,2
Социальная организация №4;792;1,3
Социальная организация №6;793;1,25
Социальная организация №4;794;1,3
Социальная организация №5;795;1,3
Социальная организация №6;796;1,25
Социальная организация №6;797;1,25
Социальная организация №2;798;1,25
Социальная организация №5;799;1,3
Социальная организация №1;800;1,2
Социальная организация №1;801;1,2
Социальная организация №3;802;1,3
Социальная организация №5;803;1,3
Социальная организация №4;804;1,3
Социальная организация №4;805;1,3
Социальная организация №3;806;1,3
Социальная организация №1;807;1,2
Социальная организация №1;808;1,2
Социальная организация №3;809;1,3
Социальная организация №4;810;1,3
Социальная организация №4;811;1,3
Социальная организация №2;812;1,25
Социальная организация №4;813;1,3
Социальная организация №4;814;1,3
Социальная организация №3;815;1,3
Социальная организация №1;816;1,2
Социальная организация №1;817;1,2
Социальная организация №4;818;1,3
Социальная организация №3;819;1,3
Социальная организация №2;820;1,25
Социальная организация №4;821;1,3
Социальная организация №6;822;1,25
Социальная организация №3;823;1,3
Социальная организация №4;824;1,3
Социальная организация №6;825;1,25
Социальная организация №3;826;1,3
Социальная организация №5;827;1,3
Социальная организация №4;828;1,3
Социальная организация №3;829;1,3
Социальная организация №2;830;1,25
Социальная организация №2;831;1,25
Социальная организация №1;832;1,2
Социальная организация №1;833;1,2
Социальная организация №1;834;1,2
Социальная организация №6;835;1,25
Социальная организация №3;836;1,3
Социальная организация №1;837;1,2
Социальная организация №2;838;1,25
Социальная организация №4;839;1,3
Социальная организация №3;840;1,3
Социальная организация №2;841;1,25
Социальная организация №6;842;1,25
Социальная организация №6;843;1,25
Социальная организация №6;844;1,25
Социальная организация №4;845;1,3
Социальная организация №4;846;1,3
Социальная организация №1;847;1,2
Социальная организация №3;848;1,3
Социальная организация №2;849;1,25
Социальная организация №5;850;1,3
Социальная организация №1;851;1,2
Социальная организация №3;852;1,3
Социальная организация №2;853;1,25
Социальная организация №5;854;1,3
Социальная организация №4;855;1,3
Социальная организация №5;856;1,3
Социальная организация №2;857;1,25
Социальная организация №1;858;1,2
Социальная организация №2;859;1,25
Социальная организация №1;860;1,2
Социальная организация №2;861;1,25
Социальная организация №6;862;1,25
Социальная организация №1;863;1,2
Социальная организация №1;864;1,2
Социальная организация №5;865;1,3
Социальная организация №1;866;1,2
Социальная организация №1;867;1,2
Социальная организация №6;868;1,25
Социальная организация №2;869;1,25
Социальная организация №4;870;1,3
Социальная организация №2;871;1,25
Социальная организация №3;872;1,3
Социальная организация №1;873;1,2
Социальная организация №1;874;1,2
Социальная организация №2;875;1,25
Социальная организация №4;876;1,3
Социальная организация №2;877;1,25
Социальная организация №3;878;1,3
Социальная организация №1;879;1,2
Социальная организация №2;880;1,25
Социальная организация №3;881;1,3
Социальная организация №5;882;1,3
Социальная организация №2;883;1,25
Социальная организация №1;884;1,2
Социальная организация №3;885;1,3
Социальная организация №6;886;1,25
Социальная организация №4;887;1,3
Социальная организация №2;888;1,25
Социальная организация №5;889;1,3
Социальная организация №2;890;1,25
Социальная организация №5;891;1,3
Социальная организация №2;892;1,25
Социальная организация №5;893;1,3
Социальная организация №2;894;1,25
Социальная организация №1;895;1,2
Социальная организация №6;896;1,25
Социальная организация №2;897;1,25
Социальная организация №6;898;1,25
Социальная организация №6;899;1,25
Социальная организация №1;900;1,2
Социальная организация №1;901;1,2
Социальная организация №1;902;1,2
Социальная организация №6;903;1,25
Социальная организация №5;904;1,3
Социальная организация №6;905;1,25
Социальная организация №1;906;1,2
Социальная организация №5;907;1,3
Социальная организация №2;908;1,25
Социальная организация №3;909;1,3
Социальная организация №3;910;1,3
Социальная организация №3;911;1,3
Социальная организация №5;912;1,3
Социальная организация №3;913;1,3
Социальная организация №5;914;1,3
Социальная организация №1;915;1,2
Социальная организация №2;916;1,25
Социальная организация №6;917;1,25
Социальная организация №1;918;1,2
Социальная организация №2;919;1,25
Социальная организация №2;920;1,25
Социальная организация №1;921;1,2
Социальная организация №2;922;1,25
Социальная организация №4;923;1,3
Социальная организация №2;924;1,25
Социальная организация №5;925;1,3
Социальная организация №5;926;1,3
Социальная организация №2;927;1,25
Социальная организация №1;928;1,2
Социальная организация №3;929;1,3
Социальная организация №6;930;1,25
Социальная организация №6;931;1,25
Социальная организация №3;932;1,3
Социальная организация №3;933;1,3
Социальная организация №1;934;1,2
Социальная организация №4;935;1,3
Социальная организация №5;936;1,3
Социальная организация №6;937;1,25
Социальная организация №2;938;1,25
Социальная организация №4;939;1,3
Социальная организация №3;940;1,3
Социальная организация №1;941;1,2
Социальная организация №5;942;1,3
Социальная организация №6;943;1,25
Социальная организация №5;944;1,3
Социальная организация №4;945;1,3
Социальная организация №3;946;1,3
Социальная организация №4;947;1,3
Социальная организация №3;948;1,3
Социальная организация №3;949;1,3
Социальная организация №3;950;1,3
Социальная организация №4;951;1,3
Социальная организация №6;952;1,25
Социальная организация №3;953;1,3
Социальная организация №1;954;1,2
Социальная организация №4;955;1,3
Социальная организация №3;956;1,3
Социальная организация №5;957;1,3
Социальная организация №1;958;1,2
Социальная организация №2;959;1,25
Социальная организация №4;960;1,3
Социальная организация №1;961;1,2
Социальная организация №6;962;1,25
Социальная организация №4;963;1,3
Социальная организация №4;964;1,3
Социальная организация №6;965;1,25
Социальная организация №2;966;1,25
Социальная организация №2;967;1,25
Социальная организация №5;968;1,3
Социальная организация №6;969;1,25
Социальная организация №2;970;1,25
Социальная организация №1;971;1,2
Социальная организация №3;972;1,3
Социальная организация №2;973;1,25
Социальная организация №3;974;1,3
Социальная организация №4;975;1,3
Социальная организация №3;976;1,3
Социальная организация №4;977;1,3
Социальная организация №2;978;1,25
Социальная организация №3;979;1,3
Социальная организация №5;980;1,3
Социальная организация №3;981;1,3
Социальная организация №6;982;1,25
Социальная организация №4;983;1,3
Социальная организация №6;984;1,25
Социальная организация №2;985;1,25
Социальная организация №1;986;1,2
Социальная организация №2;987;1,25
Социальная организация №6;988;1,25
Социальная организация №6;989;1,25
Социальная организация №1;990;1,2
Социальная организация №5;991;1,3
Социальная организация №3;992;1,3
Социальная организация №6;993;1,25
Социальная организация №2;994;1,25
Социальная организация №5;995;1,3
Социальная организация №3;996;1,3
Социальная организация №2;997;1,25
Социальная организация №1;998;1,2
Социальная организация №3;999;1,3
Социальная организация №4;1000;1,3
Социальная организация №6;1001;1,25
Социальная организация №3;1002;1,3
Социальная организация №2;1003;1,25
Социальная организация №4;1004;1,3
Социальная организация №3;1005;1,3
Социальная организация №5;1006;1,3
Социальная организация №2;1007;1,25
Социальная организация №2;1008;1,25
Социальная организация №5;1009;1,3
Социальная организация №2;1010;1,25
Социальная организация №3;1011;1,3
Социальная организация №4;1012;1,3
Социальная организация №2;1013;1,25
Социальная организация №6;1014;1,25
Социальная организация №2;1015;1,25
Социальная организация №1;1016;1,2
Социальная организация №4;1017;1,3
Социальная организация №6;1018;1,25
Социальная организация №2;1019;1,25
Социальная организация №2;1020;1,25
Социальная организация №1;1021;1,2
Социальная организация №5;1022;1,3
Социальная организация №5;1023;1,3
Социальная организация №4;1024;1,3
Социальная организация №6;1025;1,25
Социальная организация №2;1026;1,25
Социальная организация №4;1027;1,3
Социальная организация №5;1028;1,3
Социальная организация №4;1029;1,3
Социальная организация №3;1030;1,3
Социальная организация №1;1031;1,2
Социальная организация №2;1032;1,25
Социальная организация №5;1033;1,3
Социальная организация №1;1034;1,2
Социальная организация №4;1035;1,3
Социальная организация №2;1036;1,25
Социальная организация №6;1037;1,25
Социальная организация №2;1038;1,25
Социальная организация №2;1039;1,25
Социальная организация №6;1040;1,25
Социальная организация №6;1041;1,25
Социальная организация №1;1042;1,2
Социальная организация №4;1043;1,3
Социальная организация №1;1044;1,2
Социальная организация №1;1045;1,2
Социальная организация №3;1046;1,3
Социальная организация №4;1047;1,3
Социальная организация №6;1048;1,25
Социальная организация №2;1049;1,25
Социальная организация №6;1050;1,25
Социальная организация №6;1051;1,25
Социальная организация №2;1052;1,25
Социальная организация №6;1053;1,25
Социальная организация №4;1054;1,3
Социальная организация №6;1055;1,25
Социальная организация №1;1056;1,2
Социальная организация №5;1057;1,3
Социальная организация №5;1058;1,3
Социальная организация №4;1059;1,3
Социальная организация №4;1060;1,3
Социальная организация №4;1061;1,3
Социальная организация №6;1062;1,25
Социальная организация №1;1063;1,2
Социальная организация №1;1064;1,2
Социальная организация №4;1065;1,3
Социальная организация №5;1066;1,3
Социальная организация №1;1067;1,2
Социальная организация №2;1068;1,25
Социальная организация №6;1069;1,25
Социальная организация №1;1070;1,2
Социальная организация №1;1071;1,2
Социальная организация №3;1072;1,3
Социальная организация №2;1073;1,25
Социальная организация №1;1074;1,2
Социальная организация №2;1075;1,25
Социальная организация №4;1076;1,3
Социальная организация №3;1077;1,3
Социальная организация №4;1078;1,3
Социальная организация №2;1079;1,25
Социальная организация №2;1080;1,25
Социальная организация №5;1081;1,3
Социальная организация №1;1082;1,2
Социальная организация №5;1083;1,3
Социальная организация №1;1084;1,2
Социальная организация №2;1085;1,25
Социальная организация №3;1086;1,3
Социальная организация №1;1087;1,2
Социальная организация №5;1088;1,3
Социальная организация №4;1089;1,3
Социальная организация №2;1090;1,25
Социальная организация №2;1091;1,25
Социальная организация №4;1092;1,3
Социальная организация №1;1093;1,2
Социальная организация №1;1094;1,2
Социальная организация №3;1095;1,3
Социальная организация №6;1096;1,25
Социальная организация №4;1097;1,3
Социальная организация №1;1098;1,2
Социальная организация №2;1099;1,25
Социальная организация №6;1100;1,25
Социальная организация №3;1101;1,3
Социальная организация №5;1102;1,3
Социальная организация №1;1103;1,2
Социальная организация №2;1104;1,25
Социальная организация №6;1105;1,25
Социальная организация №1;1106;1,2
Социальная организация №1;1107;1,2
Социальная организация №5;1108;1,3
Социальная организация №2;1109;1,25
Социальная организация №2;1110;1,25
Социальная организация №2;1111;1,25
Социальная организация №4;1112;1,3
Социальная организация №1;1113;1,2
Социальная организация №5;1114;1,3
Социальная организация №5;1115;1,3
Социальная организация №2;1116;1,25
Социальная организация №1;1117;1,2
Социальная организация №3;1118;1,3
Социальная организация №1;1119;1,2
Социальная организация №6;1120;1,25
Социальная организация №5;1121;1,3
Социальная организация №1;1122;1,2
Социальная организация №2;1123;1,25
Социальная организация №2;1124;1,25
Социальная организация №1;1125;1,2
Социальная организация №6;1126;1,25
Социальная организация №3;1127;1,3
Социальная организация №5;1128;1,3
Социальная организация №6;1129;1,25
Социальная организация №5;1130;1,3
Социальная организация №4;1131;1,3
Социальная организация №1;1132;1,2
Социальная организация №2;1133;1,25
Социальная организация №3;1134;1,3
Социальная организация №1;1135;1,2
Социальная организация №3;1136;1,3
Социальная организация №5;1137;1,3
Социальная организация №4;1138;1,3
Социальная организация №2;1139;1,25
Социальная организация №1;1140;1,2
Социальная организация №2;1141;1,25
Социальная организация №4;1142;1,3
Социальная организация №2;1143;1,25
Социальная организация №3;1144;1,3
Социальная организация №2;1145;1,25
Социальная организация №5;1146;1,3
Социальная организация №5;1147;1,3
Социальная организация №6;1148;1,25
Социальная организация №3;1149;1,3
Социальная организация №1;1150;1,2
Социальная организация №1;1151;1,2
Социальная организация №3;1152;1,3
Социальная организация №1;1153;1,2
Социальная организация №1;1154;1,2
Социальная организация №1;1155;1,2
Социальная организация №3;1156;1,3
Социальная организация №3;1157;1,3
Социальная организация №4;1158;1,3
Социальная организация №3;1159;1,3
Социальная организация №3;1160;1,3
Социальная организация №2;1161;1,25
Социальная организация №5;1162;1,3
Социальная организация №1;1163;1,2
Социальная организация №4;1164;1,3
Социальная организация №5;1165;1,3
Социальная организация №4;1166;1,3
Социальная организация №1;1167;1,2
Социальная организация №6;1168;1,25
Социальная организация №2;1169;1,25
Социальная организация №4;1170;1,3
Социальная организация №6;1171;1,25
Социальная организация №4;1172;1,3
Социальная организация №2;1173;1,25
Социальная организация №5;1174;1,3
Социальная организация №4;1175;1,3
Социальная организация №3;1176;1,3
Социальная организация №3;1177;1,3
Социальная организация №3;1178;1,3
Социальная организация №4;1179;1,3
Социальная организация №6;1180;1,25
Социальная организация №4;1181;1,3
Социальная организация №1;1182;1,2
Социальная организация №2;1183;1,25
Социальная организация №1;1184;1,2
Социальная организация №3;1185;1,3
Социальная организация №5;1186;1,3
Социальная организация №2;1187;1,25
Социальная организация №3;1188;1,3
Социальная организация №1;1189;1,2
Социальная организация №6;1190;1,25
Социальная организация №5;1191;1,3
Социальная организация №5;1192;1,3
Социальная организация №2;1193;1,25
Социальная организация №3;1194;1,3
Социальная организация №3;1195;1,3
Социальная организация №5;1196;1,3
Социальная организация №6;1197;1,25
Социальная организация №5;1198;1,3
Социальная организация №6;1199;1,25
Социальная организация №2;1200;1,25
Социальная организация №1;1201;1,2
Социальная организация №2;1202;1,25
Социальная организация №6;1203;1,25
Социальная организация №1;1204;1,2
Социальная организация №6;1205;1,25
Социальная организация №1;1206;1,2
Социальная организация №2;1207;1,25
Социальная организация №4;1208;1,3
Социальная организация №1;1209;1,2
Социальная организация №1;1210;1,2
Социальная организация №1;1211;1,2
Социальная организация №2;1212;1,25
Социальная организация №6;1213;1,25
Социальная организация №1;1214;1,2
Социальная организация №4;1215;1,3
Социальная организация №3;1216;1,3
Социальная организация №6;1217;1,25
Социальная организация №6;1218;1,25
Социальная организация №1;1219;1,2
Социальная организация №6;1220;1,25
Социальная организация №6;1221;1,25
Социальная организация №5;1222;1,3
Социальная организация №3;1223;1,3
Социальная организация №4;1224;1,3
Социальная организация №6;1225;1,25
Социальная организация №1;1226;1,2
Социальная организация №4;1227;1,3
Социальная организация №5;1228;1,3
Социальная организация №4;1229;1,3
Социальная организация №6;1230;1,25
Социальная организация №6;1231;1,25
Социальная организация №5;1232;1,3
Социальная организация №5;1233;1,3
Социальная организация №4;1234;1,3
Социальная организация №4;1235;1,3
Социальная организация №1;1236;1,2
Социальная организация №3;1237;1,3
Социальная организация №4;1238;1,3
Социальная организация №5;1239;1,3
Социальная организация №4;1240;1,3
Социальная организация №3;1241;1,3
Социальная организация №1;1242;1,2
Социальная организация №1;1243;1,2
Социальная организация №4;1244;1,3
Социальная организация №4;1245;1,3
Социальная организация №6;1246;1,25
Социальная организация №1;1247;1,2
Социальная организация №4;1248;1,3
Социальная организация №1;1249;1,2
Социальная организация №4;1250;1,3
Социальная организация №5;1251;1,3
Социальная организация №4;1252;1,3
Социальная организация №1;1253;1,2
Социальная организация №4;1254;1,3
Социальная организация №3;1255;1,3
Социальная организация №5;1256;1,3
Социальная организация №2;1257;1,25
Социальная организация №2;1258;1,25
Социальная организация №1;1259;1,2
Социальная организация №3;1260;1,3
Социальная организация №1;1261;1,2
Социальная организация №5;1262;1,3
Социальная организация №1;1263;1,2
Социальная организация №3;1264;1,3
Социальная организация №1;1265;1,2
Социальная организация №1;1266;1,2
Социальная организация №2;1267;1,25
Социальная организация №5;1268;1,3
Социальная организация №4;1269;1,3
Социальная организация №4;1270;1,3
Социальная организация №6;1271;1,25
Социальная организация №2;1272;1,25
Социальная организация №3;1273;1,3
Социальная организация №5;1274;1,3
Социальная организация №4;1275;1,3
Социальная организация №5;1276;1,3
Социальная организация №6;1277;1,25
Социальная организация №4;1278;1,3
Социальная организация №1;1279;1,2
Социальная организация №2;1280;1,25
Социальная организация №2;1281;1,25
Социальная организация №5;1282;1,3
Социальная организация №4;1283;1,3
Социальная организация №5;1284;1,3
Социальная организация №5;1285;1,3
Социальная организация №4;1286;1,3
Социальная организация №5;1287;1,3
Социальная организация №6;1288;1,25
Социальная организация №5;1289;1,3
Социальная организация №4;1290;1,3
Социальная организация №5;1291;1,3
Социальная организация №3;1292;1,3
Социальная организация №3;1293;1,3
Социальная организация №3;1294;1,3
Социальная организация №2;1295;1,25
Социальная организация №1;1296;1,2
Социальная организация №6;1297;1,25
Социальная организация №1;1298;1,2
Социальная организация №5;1299;1,3
Социальная организация №6;1300;1,25
Социальная организация №1;1301;1,2
Социальная организация №2;1302;1,25
Социальная организация №4;1303;1,3
Социальная организация №5;1304;1,3
Социальная организация №1;1305;1,2
Социальная организация №5;1306;1,3
Социальная организация №4;1307;1,3
Социальная организация №4;1308;1,3
Социальная организация №3;1309;1,3
Социальная организация №4;1310;1,3
Социальная организация №1;1311;1,2
Социальная организация №1;1312;1,2
Социальная организация №4;1313;1,3
Социальная организация №4;1314;1,3
Социальная организация №4;1315;1,3
Социальная организация №2;1316;1,25
Социальная организация №4;1317;1,3
Социальная организация №3;1318;1,3
Социальная организация №3;1319;1,3
Социальная организация №3;1320;1,3
Социальная организация №6;1321;1,25
Социальная организация №4;1322;1,3
Социальная организация №2;1323;1,25
Социальная организация №4;1324;1,3
Социальная организация №2;1325;1,25
Социальная организация №4;1326;1,3
Социальная организация №1;1327;1,2
Социальная организация №1;1328;1,2
Социальная организация №6;1329;1,25
Социальная организация №3;1330;1,3
Социальная организация №2;1331;1,25
Социальная организация №2;1332;1,25
Социальная организация №2;1333;1,25
Социальная организация №2;1334;1,25
Социальная организация №2;1335;1,25
Социальная организация №1;1336;1,2
Социальная организация №3;1337;1,3
Социальная организация №1;1338;1,2
Социальная организация №5;1339;1,3
Социальная организация №2;1340;1,25
Социальная организация №3;1341;1,3
Социальная организация №3;1342;1,3
Социальная организация №3;1343;1,3
Социальная организация №5;1344;1,3
Социальная организация №4;1345;1,3
Социальная организация №3;1346;1,3
Социальная организация №6;1347;1,25
Социальная организация №1;1348;1,2
Социальная организация №5;1349;1,3
Социальная организация №6;1350;1,25
Социальная организация №1;1351;1,2
Социальная организация №6;1352;1,25
Социальная организация №5;1353;1,3
Социальная организация №1;1354;1,2
Социальная организация №4;1355;1,3
Социальная организация №2;1356;1,25
Социальная организация №5;1357;1,3
Социальная организация №6;1358;1,25
Социальная организация №1;1359;1,2
Социальная организация №6;1360;1,25
Социальная организация №6;1361;1,25
Социальная организация №1;1362;1,2
Социальная организация №6;1363;1,25
Социальная организация №4;1364;1,3
Социальная организация №2;1365;1,25
Социальная организация №3;1366;1,3
Социальная организация №6;1367;1,25
Социальная организация №5;1368;1,3
Социальная организация №2;1369;1,25
Социальная организация №4;1370;1,3
Социальная организация №5;1371;1,3
Социальная организация №1;1372;1,2
Социальная организация №5;1373;1,3
Социальная организация №6;1374;1,25
Социальная организация №2;1375;1,25
Социальная организация №1;1376;1,2
Социальная организация №5;1377;1,3
Социальная организация №2;1378;1,25
Социальная организация №3;1379;1,3
Социальная организация №3;1380;1,3
Социальная организация №1;1381;1,2
Социальная организация №5;1382;1,3
Социальная организация №5;1383;1,3
Социальная организация №4;1384;1,3
Социальная организация №6;1385;1,25
Социальная организация №4;1386;1,3
Социальная организация №1;1387;1,2
Социальная организация №1;1388;1,2
Социальная организация №3;1389;1,3
Социальная организация №3;1390;1,3
Социальная организация №1;1391;1,2
Социальная организация №2;1392;1,25
Социальная организация №4;1393;1,3
Социальная организация №4;1394;1,3
Социальная организация №5;1395;1,3
Социальная организация №1;1396;1,2
Социальная организация №6;1397;1,25
Социальная организация №2;1398;1,25
Социальная организация №4;1399;1,3
Социальная организация №5;1400;1,3
Социальная организация №5;1401;1,3
Социальная организация №6;1402;1,25
Социальная организация №6;1403;1,25
Социальная организация №1;1404;1,2
Социальная организация №4;1405;1,3
Социальная организация №3;1406;1,3
Социальная организация №4;1407;1,3
Социальная организация №5;1408;1,3
Социальная организация №5;1409;1,3
Социальная организация №2;1410;1,25
Социальная организация №3;1411;1,3
Социальная организация №1;1412;1,2
Социальная организация №4;1413;1,3
Социальная организация №5;1414;1,3
Социальная организация №1;1415;1,25
Социальная организация №1;1416;1,25
Социальная организация №1;1417;1,25
Социальная организация №1;1418;1,25
Социальная организация №1;1419;1,2
Социальная организация №1;1420;1,25
Социальная организация №1;1421;1,3
Социальная организация №1;1422;1,3
Социальная организация №1;1423;1,3
Социальная организация №1;1424;1,25
Социальная организация №1;1425;1,3
Социальная организация №1;1426;1,3
Социальная организация №1;1427;1,3
Социальная организация №1;1428;1,25
Социальная организация №1;1429;1,3
Социальная организация №1;1430;1,2
Социальная организация №1;1431;1,3
Социальная организация №1;1432;1,3
Социальная организация №2;1433;1,25
Социальная организация №6;1434;1,25
Социальная организация №5;1435;1,3
Социальная организация №6;1436;1,25
Социальная организация №1;1437;1,2
Социальная организация №2;1438;1,25
Социальная организация №2;1439;1,25
Социальная организация №6;1440;1,25
Социальная организация №4;1441;1,3
Социальная организация №4;1442;1,3
Социальная организация №6;1443;1,25
Социальная организация №1;1444;1,2
Социальная организация №6;1445;1,25
Социальная организация №1;1446;1,2
Социальная организация №4;1447;1,3
Социальная организация №6;1448;1,25
Социальная организация №4;1449;1,3
Социальная организация №1;1450;1,2
Социальная организация №4;1451;1,3
Социальная организация №5;1452;1,3
Социальная организация №6;1453;1,25
Социальная организация №2;1454;1,25
Социальная организация №6;1455;1,25
Социальная организация №2;1456;1,25
Социальная организация №4;1457;1,3
Социальная организация №4;1458;1,3
Социальная организация №4;1459;1,3
Социальная организация №4;1460;1,3
Социальная организация №5;1461;1,3
Социальная организация №5;1462;1,3
Социальная организация №1;1463;1,2
Социальная организация №6;1464;1,25
Социальная организация №5;1465;1,3
Социальная организация №4;1466;1,3
Социальная организация №1;1467;1,2
Социальная организация №4;1468;1,3
Социальная организация №4;1469;1,3
Социальная организация №6;1470;1,25
Социальная организация №3;1471;1,3
Социальная организация №5;1472;1,3
Социальная организация №1;1473;1,2
Социальная организация №3;1474;1,3
Социальная организация №2;1475;1,25
Социальная организация №4;1476;1,3
Социальная организация №5;1477;1,3
Социальная организация №1;1478;1,2
Социальная организация №4;1479;1,3
Социальная организация №1;1480;1,2
Социальная организация №2;1481;1,25
Социальная организация №1;1482;1,2
Социальная организация №3;1483;1,3
Социальная организация №2;1484;1,25
Соц организация 2;1485;1,25
Социальная организация №4;1486;1,3
Социальная организация №1;1487;1,2
Социальная организация №3;1488;1,3
Социальная организация №4;1489;1,3
Социальная организация №6;1490;1,25
Социальная организация №3;1491;1,3
Социальная организация №3;1492;1,3
Социальная организация №5;1493;1,3
Социальная организация №3;1494;1,3
Соц организация 2;1495;1,25
Социальная организация №1;1496;1,2
Социальная организация №4;1497;1,3
Социальная организация №3;1498;1,3
Социальная организация №3;1499;1,3
Соц организация 2;1500;1,25
Социальная организация №6;1501;1,25
Социальная организация №3;1502;1,3
Соц организация 2;1503;1,25
Соц организация 2;1504;1,25
Социальная организация №6;1505;1,25
Социальная организация №1;1506;1,2
Социальная организация №4;1507;1,3
Соц организация 2;1508;1,25
Соц организация 2;1509;1,25
Социальная организация №6;1510;1,25
Социальная организация №1;1511;1,2
Социальная организация №6;1512;1,25
Социальная организация №6;1513;1,25
Социальная организация №3;1514;1,3
Социальная организация 2;1515;1,25
Социальная организация №1;1516;1,2
Социальная организация №5;1517;1,3
Социальная организация №3;1518;1,3
Социальная организация №5;1519;1,3
Социальная организация №1;1520;1,2
Социальная организация №4;1521;1,3
Социальная организация №3;1522;1,3
Социальная организация №1;1523;1,2
Социальная организация 2;1524;1,25
Социальная организация №1;1525;1,2
Социальная организация №4;1526;1,3
Социальная организация №6;1527;1,25
Социальная организация №3;1528;1,3
Социальная организация 2;1529;1,25
Социальная организация №1;1530;1,2
Социальная организация 2;1531;1,25
Социальная организация №4;1532;1,3
Социальная организация №5;1533;1,3
Социальная организация №1;1534;1,2
Социальная организация №1;1535;1,2
Социальная организация №5;1536;1,3
Социальная организация №1;1537;1,2
Социальная организация №5;1538;1,3
Социальная организация №4;1539;1,3
Социальная организация №6;1540;1,25
Социальная организация №4;1541;1,3
Социальная организация №6;1542;1,25
Социальная организация №5;1543;1,3
Социальная организация №1;1544;1,2
Социальная организация 2;1545;1,25
Социальная организация №6;1546;1,25
Социальная организация №3;1547;1,3
Социальная организация №3;1548;1,3
Социальная организация №6;1549;1,25
Социальная организация №6;1550;1,25
Социальная организация №3;1551;1,3
Социальная организация 2;1552;1,25
Социальная организация №1;1553;1,2
Социальная организация №1;1554;1,2
Социальная организация №1;1555;1,2
Социальная организация №3;1556;1,3
Социальная организация №3;1557;1,3
Социальная организация №3;1558;1,3
Социальная организация №3;1559;1,3
Социальная организация №5;1560;1,3
Социальная организация №6;1561;1,25
Социальная организация №6;1562;1,25
Социальная организация №5;1563;1,3
Социальная организация №6;1564;1,25
Социальная организация №6;1565;1,25
Социальная организация №5;1566;1,3
Социальная организация 2;1567;1,25
Социальная организация №5;1568;1,3
Социальная организация №3;1569;1,3
Социальная организация №4;1570;1,3
Социальная организация №6;1571;1,25
Социальная организация №1;1572;1,2
Социальная организация №3;1573;1,3
Социальная организация №4;1574;1,3
Социальная организация №5;1575;1,3
Социальная организация №5;1576;1,3
Социальная организация №5;1577;1,3
Социальная организация №4;1578;1,3
Социальная организация 2;1579;1,25
Социальная организация 2;1580;1,25
Социальная организация №4;1581;1,3
Социальная организация №1;1582;1,2
Социальная организация №3;1583;1,3
Социальная организация №3;1584;1,3
Социальная организация №5;1585;1,3
Социальная организация №4;1586;1,3
Социальная организация №6;1587;1,25
Социальная организация №3;1588;1,3
Социальная организация 2;1589;1,25
Социальная организация №6;1590;1,25
Социальная организация №6;1591;1,25
Социальная организация №1;1592;1,2
Социальная организация 2;1593;1,25
Социальная организация №5;1594;1,3
Социальная организация №1;1595;1,2
Социальная организация №4;1596;1,3
Социальная организация №6;1597;1,25
Социальная организация №4;1598;1,3
Социальная организация №6;1599;1,25
Социальная организация №5;1600;1,3
Социальная организация 2;1601;1,25
Социальная организация №6;1602;1,25
Социальная организация №2;1603;1,25
Социальная организация №5;1604;1,3
Социальная организация №6;1605;1,25
Социальная организация №4;1606;1,3
Социальная организация №6;1607;1,25
Социальная организация №4;1608;1,3
Социальная организация №4;1609;1,3
Социальная организация №3;1610;1,3
Соц организация №1;1611;1,2
Социальная организация №2;1612;1,25
Соц организация №1;1613;1,2
Социальная организация №4;1614;1,3
Социальная организация №3;1615;1,3
Соц организация №1;1616;1,2
Социальная организация №6;1617;1,25
Социальная организация №6;1618;1,25
Социальная организация №6;1619;1,25
Социальная организация №6;1620;1,25
Социальная организация №5;1621;1,3
Соц организация №1;1622;1,2
Социальная организация №6;1623;1,25
Социальная организация №4;1624;1,3
Соц организация №1;1625;1,2
Соц организация №1;1626;1,2
Социальная организация №5;1627;1,3
Социальная организация №4;1628;1,3
Соц организация №1;1629;1,2
Социальная организация №3;1630;1,3
Социальная организация №6;1631;1,25
Социальная организация №4;1632;1,3
Соц организация №1;1633;1,2
Соц организация №1;1634;1,2
Социальная организация №5;1635;1,3
Социальная организация №4;1636;1,3
Социальная организация №3;1637;1,3
Социальная организация №2;1638;1,25
Социальная организация №4;1639;1,3
Социальная организация №6;1640;1,25
Социальная организация №5;1641;1,3
Социальная организация №5;1642;1,3
Социальная организация №6;1643;1,25
Социальная организация №3;1644;1,3
Социальная организация №6;1645;1,25
Соц организация №1;1646;1,2
Социальная организация №3;1647;1,3
Социальная организация №2;1648;1,25
Социальная организация №3;1649;1,3
Социальная организация №4;1650;1,3
Социальная организация №5;1651;1,3
Социальная организация №4;1652;1,3
Социальная организация №4;1653;1,3
Социальная организация №4;1654;1,3
Соц организация №1;1655;1,2
Соц организация №1;1656;1,2
Социальная организация №4;1657;1,3
Социальная организация №5;1658;1,3
Социальная организация №5;1659;1,3
Соц организация №1;1660;1,2
Социальная организация №5;1661;1,3
Соц организация №1;1662;1,2
Социальная организация №5;1663;1,3
Социальная организация №4;1664;1,3
Социальная организация №3;1665;1,3
Социальная организация №3;1666;1,3
Соц организация №1;1667;1,2
Социальная организация №3;1668;1,3
Социальная организация №6;1669;1,25
Соц организация №1;1670;1,2
Социальная организация №2;1671;1,25
Социальная организация №2;1672;1,25
Социальная организация №2;1673;1,25
Социальная организация №2;1674;1,25
Социальная организация №2;1675;1,25
Соц организация №1;1676;1,2
Социальная организация №2;1677;1,25
Социальная организация №2;1678;1,25
Социальная организация №5;1679;1,3
Социальная организация №5;1680;1,3
Социальная организация №3;1681;1,3
Социальная организация №4;1682;1,3
Социальная организация №5;1683;1,3
Социальная организация №6;1684;1,25
Социальная организация №4;1685;1,3
Социальная организация №6;1686;1,25
Соц организация №1;1687;1,2
Социальная организация №2;1688;1,25
Социальная организация №5;1689;1,3
Социальная организация №4;1690;1,3
Социальная организация №3;1691;1,3
Социальная организация №2;1692;1,25
Социальная организация №1;1693;1,2
Социальная организация №2;1694;1,25
Социальная организация №5;1695;1,3
Социальная организация №5;1696;1,3
Социальная организация №3;1697;1,3
Социальная организация №5;1698;1,3
Социальная организация №3;1699;1,3
Социальная организация №4;1700;1,3
Социальная организация №1;1701;1,2
Социальная организация №4;1702;1,3
Социальная организация №5;1703;1,3
Социальная организация №4;1704;1,3
Социальная организация №5;1705;1,3
Социальная организация №6;1706;1,25
Социальная организация №6;1707;1,25
Социальная организация №3;1708;1,3
Социальная организация №5;1709;1,3
Социальная организация №4;1710;1,3
Социальная организация №5;1711;1,3
Социальная организация №4;1712;1,3
Социальная организация №5;1713;1,3
Социальная организация №6;1714;1,25
Социальная организация №4;1715;1,3
Социальная организация №4;1716;1,3
Социальная организация №2;1717;1,25
Социальная организация №4;1718;1,3
Социальная организация №1;1719;1,2
Социальная организация №2;1720;1,25
Социальная организация №5;1721;1,3
Социальная организация №3;1722;1,3
Социальная организация №4;1723;1,3
Социальная организация №4;1724;1,3
Социальная организация №5;1725;1,3
Социальная организация №2;1726;1,25
Социальная организация №4;1727;1,3
Социальная организация №2;1728;1,25
Социальная организация №5;1729;1,3
Социальная организация №4;1730;1,3
Социальная организация №4;1731;1,3
Социальная организация №5;1732;1,3
Социальная организация №3;1733;1,3
Социальная организация №1;1734;1,2
Социальная организация №4;1735;1,3
Социальная организация №6;1736;1,25
Социальная организация №1;1737;1,2
Социальная организация №1;1738;1,2
Социальная организация №3;1739;1,3
Социальная организация №2;1740;1,25
Социальная организация №3;1741;1,3
Социальная организация №4;1742;1,3
Социальная организация №1;1743;1,2
Социальная организация №4;1744;1,3
Социальная организация №3;1745;1,3
Социальная организация №2;1746;1,25
Социальная организация №6;1747;1,25
Социальная организация №5;1748;1,3
Социальная организация №6;1749;1,25
Социальная организация №6;1750;1,25
Социальная организация №6;1751;1,25
Социальная организация №6;1752;1,25
Социальная организация №5;1753;1,3
Социальная организация №1;1754;1,2
Социальная организация №1;1755;1,2
Социальная организация №4;1756;1,3
Социальная организация №5;1757;1,3
Социальная организация №3;1758;1,3
Социальная организация №1;1759;1,2
Социальная организация №1;1760;1,2
Социальная организация №4;1761;1,3
Социальная организация №3;1762;1,3
Социальная организация №5;1763;1,3
Социальная организация №4;1764;1,3
Социальная организация №4;1765;1,3
Социальная организация №1;1766;1,2
Социальная организация №4;1767;1,3
Социальная организация №6;1768;1,25
Социальная организация №6;1769;1,25
Социальная организация №2;1770;1,25
Социальная организация №4;1771;1,3
Социальная организация №5;1772;1,3
Социальная организация №3;1773;1,3
Социальная организация №2;1774;1,25
Социальная организация №5;1775;1,3
Социальная организация №2;1776;1,25
Социальная организация №1;1777;1,2
Социальная организация №1;1778;1,25
Социальная организация №1;1779;1,25
Социальная организация №1;1780;1,3
Социальная организация №1;1781;1,25
Социальная организация №1;1782;1,3
Социальная организация №1;1783;1,3
Социальная организация №1;1784;1,25
Социальная организация №1;1785;1,25
Социальная организация №1;1786;1,25
Социальная организация №1;1787;1,2
Социальная организация №1;1788;1,25
Социальная организация №1;1789;1,3
Социальная организация №1;1790;1,25
Социальная организация №1;1791;1,3
Социальная организация №1;1792;1,2
Социальная организация №1;1793;1,3
Социальная организация №5;1794;1,3
Социальная организация №1;1795;1,2
Социальная организация №6;1796;1,25
Социальная организация №2;1797;1,25
Социальная организация №4;1798;1,3
Социальная организация №2;1799;1,25
Социальная организация №2;1800;1,25
Социальная организация №1;1801;1,2
Социальная организация №2;1802;1,25
Социальная организация №1;1803;1,2
Социальная организация №2;1804;1,25
Социальная организация №1;1805;1,2
Социальная организация №4;1806;1,3
Социальная организация №2;1807;1,25
Социальная организация №3;1808;1,3
Социальная организация №1;1809;1,2
Социальная организация №4;1810;1,3
Социальная организация №3;1811;1,3
Социальная организация №6;1812;1,25
Социальная организация №4;1813;1,3
Социальная организация №2;1814;1,25
Социальная организация №4;1815;1,3
Социальная организация №5;1816;1,3
Социальная организация №3;1817;1,3
Социальная организация №2;1818;1,25
Социальная организация №3;1819;1,3
Социальная организация №4;1820;1,3
Социальная организация №6;1821;1,25
Социальная организация №4;1822;1,3
Социальная организация №5;1823;1,3
Социальная организация №6;1824;1,25
Социальная организация №5;1825;1,3
Социальная организация №6;1826;1,25
Социальная организация №1;1827;1,2
Социальная организация №5;1828;1,3
Социальная организация №5;1829;1,3
Социальная организация №1;1830;1,2
Социальная организация №1;1831;1,2
Социальная организация №6;1832;1,25
Социальная организация №4;1833;1,3
Социальная организация №1;1834;1,2
Социальная организация №3;1835;1,3
Социальная организация №4;1836;1,3
Социальная организация №6;1837;1,25
Социальная организация №4;1838;1,3
Социальная организация №5;1839;1,3
Социальная организация №1;1840;1,2
Социальная организация №1;1841;1,2
Социальная организация №4;1842;1,3
Социальная организация №4;1843;1,3
Социальная организация №1;1844;1,2
Социальная организация №6;1845;1,25
Социальная организация №1;1846;1,2
Социальная организация №2;1847;1,25
Социальная организация №2;1848;1,25
Социальная организация №3;1849;1,3
Социальная организация №4;1850;1,3
Социальная организация №5;1851;1,3
Социальная организация №2;1852;1,25
Социальная организация №4;1853;1,3
Социальная организация №2;1854;1,25
Социальная организация №2;1855;1,25
Социальная организация №5;1856;1,3
Социальная организация №2;1857;1,25
Социальная организация №4;1858;1,3
Социальная организация №6;1859;1,25
Социальная организация №5;1860;1,3
Социальная организация №5;1861;1,3
Социальная организация №6;1862;1,25
Социальная организация №2;1863;1,25
Социальная организация №1;1864;1,2
Социальная организация №3;1865;1,3
Социальная организация №1;1866;1,2
Социальная организация №5;1867;1,3
Социальная организация №4;1868;1,3
Социальная организация №6;1869;1,25
Социальная организация №2;1870;1,25
Социальная организация №6;1871;1,25
Социальная организация №6;1872;1,25
Социальная организация №1;1873;1,2
Социальная организация №1;1874;1,2
Социальная организация №6;1875;1,25
Социальная организация №6;1876;1,25
Социальная организация №6;1877;1,25
Социальная организация №5;1878;1,3
Социальная организация №2;1879;1,25
Социальная организация №5;1880;1,3
Социальная организация №3;1881;1,3
Социальная организация №5;1882;1,3
Социальная организация №2;1883;1,25
Социальная организация №3;1884;1,3
Социальная организация №4;1885;1,3
Социальная организация №1;1886;1,2
Социальная организация №4;1887;1,3
Социальная организация №2;1888;1,25
Социальная организация №6;1889;1,25
Социальная организация №5;1890;1,3
Социальная организация №6;1891;1,25
Социальная организация №5;1892;1,3
Социальная организация №5;1893;1,3
Социальная организация №4;1894;1,3
Социальная организация №3;1895;1,3
Социальная организация №3;1896;1,3
Социальная организация №1;1897;1,2
Социальная организация №2;1898;1,25
Социальная организация №4;1899;1,3
Социальная организация №6;1900;1,25
Социальная организация №6;1901;1,25
Социальная организация №1;1902;1,2
Социальная организация №4;1903;1,3
Социальная организация №3;1904;1,3
Социальная организация №3;1905;1,3
Социальная организация №4;1906;1,3
Социальная организация №5;1907;1,3
Социальная организация №5;1908;1,3
Социальная организация №6;1909;1,25
Социальная организация №1;1910;1,2
Социальная организация №1;1911;1,2
Социальная организация №3;1912;1,3
Социальная организация №6;1913;1,25
Социальная организация №4;1914;1,3
Социальная организация №4;1915;1,3
Социальная организация №2;1916;1,25
Социальная организация №6;1917;1,25
Социальная организация №2;1918;1,25
Социальная организация №5;1919;1,3
Социальная организация №1;1920;1,2
Социальная организация №1;1921;1,2
Социальная организация №3;1922;1,3
Социальная организация №2;1923;1,25
Социальная организация №2;1924;1,25
Социальная организация №4;1925;1,3
Социальная организация №6;1926;1,25
Социальная организация №4;1927;1,3
Социальная организация №5;1928;1,3
Социальная организация №1;1929;1,2
Социальная организация №2;1930;1,25
Социальная организация №4;1931;1,3
Социальная организация №3;1932;1,3
Социальная организация №3;1933;1,3
Социальная организация №1;1934;1,2
Социальная организация №1;1935;1,2
Социальная организация №1;1936;1,2
Социальная организация №6;1937;1,25
Социальная организация №5;1938;1,3
Социальная организация №1;1939;1,2
Социальная организация №1;1940;1,2
Социальная организация №3;1941;1,3
Социальная организация №2;1942;1,25
Социальная организация №4;1943;1,3
Социальная организация №2;1944;1,25
Социальная организация №3;1945;1,3
Социальная организация №2;1946;1,25
Социальная организация №6;1947;1,25
Социальная организация №5;1948;1,3
Социальная организация №5;1949;1,3
Социальная организация №6;1950;1,25
Социальная организация №5;1951;1,3
Социальная организация №5;1952;1,25
Социальная организация №5;1953;1,25
Социальная организация №5;1954;1,25
Социальная организация №5;1955;1,3
Социальная организация №5;1956;1,3
Социальная организация №5;1957;1,3
Социальная организация №5;1958;1,2
Социальная организация №5;1959;1,3
Социальная организация №5;1960;1,3
Социальная организация №5;1961;1,25
Социальная организация №6;1962;1,25
Социальная организация №6;1963;1,25
Социальная организация №2;1964;1,25
Социальная организация №1;1965;1,2
Социальная организация №5;1966;1,3
Социальная организация №6;1967;1,25
Социальная организация №1;1968;1,2
Социальная организация №2;1969;1,25
Социальная организация №5;1970;1,3
Социальная организация №5;1971;1,3
Социальная организация №1;1972;1,2
Социальная организация №2;1973;1,25
Социальная организация №1;1974;1,2
Социальная организация №3;1975;1,3
Социальная организация №4;1976;1,3
Социальная организация №2;1977;1,25
Социальная организация №2;1978;1,25
Социальная организация №2;1979;1,25
Социальная организация №3;1980;1,3
Социальная организация №1;1981;1,2
Социальная организация №6;1982;1,25
Социальная организация №4;1983;1,3
Социальная организация №4;1984;1,3
Социальная организация №5;1985;1,3
Социальная организация №6;1986;1,25
Социальная организация №1;1987;1,2
Социальная организация №3;1988;1,3
Социальная организация №5;1989;1,3
Социальная организация №2;1990;1,25
Социальная организация №5;1991;1,3
Социальная организация №3;1992;1,3
Социальная организация №4;1993;1,3
Социальная организация №5;1994;1,3
Социальная организация №1;1995;1,2
Социальная организация №2;1996;1,25
Социальная организация №5;1997;1,3
Социальная организация №5;1998;1,3
Социальная организация №6;1999;1,25
Социальная организация №3;2000;1,3
Социальная организация №6;2001;1,25
Социальная организация №1;2002;1,2
Социальная организация №3;2003;1,3
Социальная организация №4;2004;1,3
Социальная организация №4;2005;1,3
Социальная организация №5;2006;1,3
Социальная организация №1;2007;1,2
Социальная организация №4;2008;1,3
Социальная организация №3;2009;1,3
Социальная организация №6;2010;1,25
Социальная организация №6;2011;1,25
Социальная организация №5;2012;1,3
Социальная организация №3;2013;1,3
Социальная организация №2;2014;1,25
Социальная организация №4;2015;1,3
Социальная организация №1;2016;1,2
Социальная организация №4;2017;1,3
Социальная организация №6;2018;1,25
Социальная организация №5;2019;1,3
Социальная организация №1;2020;1,2
Социальная организация №2;2021;1,25
Социальная организация №6;2022;1,25
Социальная организация №1;2023;1,2
Социальная организация №6;2024;1,25
Социальная организация №5;2025;1,3
Социальная организация №4;2026;1,3
Социальная организация №1;2027;1,2
Социальная организация №5;2028;1,3
Социальная организация №6;2029;1,25
Социальная организация №5;2030;1,3
Социальная организация №3;2031;1,3
Социальная организация №2;2032;1,25
Социальная организация №2;2033;1,25
Социальная организация №1;2034;1,25
Социальная организация №1;2035;1,3
Социальная организация №1;2036;1,3
Социальная организация №1;2037;1,3
Социальная организация №1;2038;1,3
Социальная организация №1;2039;1,3
Социальная организация №1;2040;1,3
Социальная организация №1;2041;1,3
Социальная организация №1;2042;1,3
Социальная организация №1;2043;1,2
Социальная организация №1;2044;1,3
Социальная организация №1;2045;1,3
Социальная организация №1;2046;1,2
Социальная организация №1;2047;1,2
Социальная организация №1;2048;1,3
Социальная организация №1;2049;1,25
Социальная организация №1;2050;1,3
Социальная организация №1;2051;1,25
Социальная организация №1;2052;1,25
Социальная организация №1;2053;1,2
Социальная организация №1;2054;1,3
Социальная организация №2;2055;1,25
Социальная организация №5;2056;1,3
Социальная организация №2;2057;1,25
Социальная организация №5;2058;1,3
Социальная организация №3;2059;1,3
Социальная организация №6;2060;1,25
Социальная организация №2;2061;1,25
Социальная организация №4;2062;1,3
Социальная организация №6;2063;1,25
Социальная организация №2;2064;1,25
Социальная организация №2;2065;1,25
Социальная организация №6;2066;1,25
Социальная организация №3;2067;1,3
Социальная организация №3;2068;1,3
Социальная организация №3;2069;1,3
Социальная организация №6;2070;1,25
Социальная организация №6;2071;1,25
Социальное учреждение №5;2072;1,3
Социальное учреждение №5;2073;1,3
Социальная организация №1;2074;1,2
Социальная организация №4;2075;1,3
Социальное учреждение №5;2076;1,3
Социальная организация №3;2077;1,3
Социальная организация №6;2078;1,25
Социальная организация №3;2079;1,3
Социальная организация №3;2080;1,3
Социальная организация №3;2081;1,3
Социальная организация №4;2082;1,3
Социальная организация №2;2083;1,25
Социальная организация №4;2084;1,3
Социальная организация №1;2085;1,2
Социальная организация №6;2086;1,25
Социальная организация №6;2087;1,25
Социальная организация №2;2088;1,25
Социальная организация №3;2089;1,3
Социальная организация №3;2090;1,3
Социальная организация №6;2091;1,25
Социальная организация №1;2092;1,2
Социальная организация №1;2093;1,2
Социальное учреждение №5;2094;1,3
Социальное учреждение №5;2095;1,3
Социальная организация №1;2096;1,2
Социальная организация №2;2097;1,25
Социальная организация №1;2098;1,2
Социальная организация №1;2099;1,2
Социальное учреждение №5;2100;1,3
Социальная организация №1;2101;1,2
Социальное учреждение №5;2102;1,3
Социальная организация №2;2103;1,25
Социальная организация №1;2104;1,2
Социальная организация №1;2105;1,2
Социальная организация №3;2106;1,3
Социальная организация №2;2107;1,25
Социальная организация №1;2108;1,2
Социальная организация №4;2109;1,3
Социальная организация №1;2110;1,2
Социальная организация №2;2111;1,25
Социальная организация №1;2112;1,2
Социальное учреждение №5;2113;1,3
Социальная организация №4;2114;1,3
Социальная организация №6;2115;1,25
Социальная организация №2;2116;1,25
Социальная организация №1;2117;1,2
Социальная организация №2;2118;1,25
Социальная организация №1;2119;1,2
Социальное учреждение №5;2120;1,3
Социальная организация №6;2121;1,25
Социальная организация №4;2122;1,3
Социальная организация №4;2123;1,3
Социальное учреждение №5;2124;1,3
Социальное учреждение №5;2125;1,3
Социальное учреждение №5;2126;1,3
Социальная организация №1;2127;1,2
Социальная организация №2;2128;1,25
Социальная организация №2;2129;1,25
Социальная организация №4;2130;1,3
Социальная организация №3;2131;1,3
Социальная организация №4;2132;1,3
Социальное учреждение №5;2133;1,3
Социальная организация №1;2134;1,2
Социальное учреждение №5;2135;1,3
Социальная организация №2;2136;1,25
Социальная организация №6;2137;1,25
Социальное учреждение №5;2138;1,3
Социальное учреждение №5;2139;1,3
Социальная организация №1;2140;1,2
Социальная организация №2;2141;1,25
Социальная организация №4;2142;1,3
Социальное учреждение №5;2143;1,3
Социальная организация №4;2144;1,3
Социальная организация №3;2145;1,3
Социальная организация №1;2146;1,2
Социальная организация №1;2147;1,2
Социальная организация №6;2148;1,25
Социальная организация №4;2149;1,3
Социальная организация №6;2150;1,25
Социальная организация №2;2151;1,25
Социальная организация №2;2152;1,25
Социальная организация №3;2153;1,3
Социальная организация №2;2154;1,25
Социальная организация №1;2155;1,2
Социальная организация №2;2156;1,25
Социальная организация №6;2157;1,25
Социальная организация №2;2158;1,25
Социальная организация №6;2159;1,25
Социальная организация №6;2160;1,25
Социальная организация №6;2161;1,25
Социальная организация №1;2162;1,2
Социальная организация №6;2163;1,25
Социальная организация №3;2164;1,3
Социальная организация №4;2165;1,3
Социальная организация №3;2166;1,3
Социальная организация №1;2167;1,2
Социальная организация №4;2168;1,3
Социальное учреждение №5;2169;1,3
Социальная организация №1;2170;1,2
Социальная организация №2;2171;1,25
Социальная организация №4;2172;1,3
Социальная организация №5;2173;1,3
Социальная организация №3;2174;1,3
Социальная организация №2;2175;1,25
Социальная организация №5;2176;1,3
Социальная организация №5;2177;1,3
Социальная организация №6;2178;1,25
Социальная организация №3;2179;1,3
Социальная организация №1;2180;1,2
Социальная организация №5;2181;1,3
Социальная организация №3;2182;1,3
Социальная организация №5;2183;1,3
Социальная организация №6;2184;1,25
Социальная организация №2;2185;1,25
Социальная организация №3;2186;1,3
Социальная организация №6;2187;1,25
Социальная организация №6;2188;1,25
Социальная организация №3;2189;1,3
Социальная организация №2;2190;1,25
Социальная организация №5;2191;1,3
Социальная организация №6;2192;1,25
Социальная организация №5;2193;1,3
Социальная организация №5;2194;1,3
Социальная организация №1;2195;1,2
Социальная организация №4;2196;1,3
Социальная организация №5;2197;1,3
Социальная организация №2;2198;1,25
Социальная организация №5;2199;1,3
Социальная организация №4;2200;1,3
Социальная организация №5;2201;1,3
Социальная организация №6;2202;1,25
Социальная организация №5;2203;1,3
Социальная организация №5;2204;1,3
Социальная организация №3;2205;1,3
Социальная организация №3;2206;1,3
Социальная организация №1;2207;1,2
Социальная организация №4;2208;1,3
Социальная организация №1;2209;1,2
Социальная организация №3;2210;1,3
Социальная организация №1;2211;1,2
Социальная организация №1;2212;1,2
Социальная организация №3;2213;1,3
Социальная организация №6;2214;1,25
Социальная организация №4;2215;1,3
Социальная организация №1;2216;1,2
Социальная организация №4;2217;1,3
Социальная организация №4;2218;1,3
Социальная организация №4;2219;1,3
Социальная организация №1;2220;1,2
Социальная организация №5;2221;1,3
Социальная организация №5;2222;1,25
Социальная организация №5;2223;1,25
Социальная организация №5;2224;1,3
Социальная организация №5;2225;1,3
Социальная организация №5;2226;1,2
Социальная организация №5;2227;1,25
Социальная организация №5;2228;1,2
Социальная организация №5;2229;1,25
Социальная организация №5;2230;1,3
Социальная организация №5;2231;1,3
Социальная организация №5;2232;1,25
Социальная организация №5;2233;1,25
Социальная организация №5;2234;1,3
Социальная организация №5;2235;1,3
Социальная организация №5;2236;1,3
Социальная организация №5;2237;1,3
Социальная организация №5;2238;1,3
Социальная организация №5;2239;1,25
Социальная организация №5;2240;1,3
Социальная организация №5;2241;1,3
Социальная организация №5;2242;1,3
Социальная организация №5;2243;1,3
Социальная организация №5;2244;1,3
Социальная организация №5;2245;1,3
Социальная организация №2;2246;1,25
Социальная организация №6;2247;1,25
Социальная организация №4;2248;1,3
Социальная организация №6;2249;1,25
Социальная организация №5;2250;1,3
Социальная организация №2;2251;1,25
Социальная организация №6;2252;1,25
Социальная организация №4;2253;1,3
Социальная организация №3;2254;1,3
Социальная организация №6;2255;1,25
Социальная организация №5;2256;1,3
Социальная организация №2;2257;1,25
Социальная организация №5;2258;1,3
Социальная организация №1;2259;1,2
Социальная организация №2;2260;1,25
Социальная организация №6;2261;1,25
Социальная организация №2;2262;1,25
Социальная организация №2;2263;1,25
Социальная организация №2;2264;1,25
Социальная организация №6;2265;1,25
Социальная организация №1;2266;1,2
Социальная организация №2;2267;1,25
Социальная организация №1;2268;1,2
Социальная организация №6;2269;1,25
Социальная организация №2;2270;1,25
Социальная организация №2;2271;1,25
Социальная организация №2;2272;1,25
Социальная организация №6;2273;1,25
Социальная организация №5;2274;1,3
Социальная организация №4;2275;1,3
Социальная организация №5;2276;1,25
Социальная организация №5;2277;1,25
Социальная организация №5;2278;1,2
Социальная организация №5;2279;1,3
Социальная организация №5;2280;1,3
Социальная организация №5;2281;1,3
Социальная организация №5;2282;1,2
Социальная организация №5;2283;1,3
Социальная организация №5;2284;1,3
Социальная организация №5;2285;1,3
Социальная организация №5;2286;1,3
Социальная организация №5;2287;1,2
Социальная организация №5;2288;1,2
Социальная организация №5;2289;1,3
Социальная организация №5;2290;1,3
Социальная организация №5;2291;1,2
Социальная организация №5;2292;1,25
Социальная организация №5;2293;1,25
Социальная организация №5;2294;1,3
Социальная организация №5;2295;1,3
Социальная организация №5;2296;1,3
Социальная организация №5;2297;1,3
Социальная организация №5;2298;1,3
Социальная организация №5;2299;1,25
Социальная организация №5;2300;1,2
Социальная организация №5;2301;1,25
Социальная организация №5;2302;1,25
Социальная организация №2;2303;1,25
Социальная организация №5;2304;1,3
Социальная организация №3;2305;1,3
Социальная организация №1;2306;1,2
Социальная организация №3;2307;1,3
Социальная организация №6;2308;1,25
Социальная организация №4;2309;1,3
Социальная организация №5;2310;1,3
Социальная организация №6;2311;1,25
Социальная организация №3;2312;1,3
Социальная организация №3;2313;1,3
Социальная организация №4;2314;1,3
Социальная организация №3;2315;1,3
Социальная организация №2;2316;1,25
Социальная организация №2;2317;1,25
Социальная организация №4;2318;1,3
Социальная организация №5;2319;1,3
Социальная организация №5;2320;1,3
Социальная организация №1;2321;1,2
Социальная организация №5;2322;1,3
Социальная организация №6;2323;1,25
Социальная организация №2;2324;1,25
Социальная организация №2;2325;1,25
Социальная организация №6;2326;1,25
Социальная организация №6;2327;1,25
Социальная организация №6;2328;1,25
Социальная организация №3;2329;1,3
Социальная организация №1;2330;1,2
Социальная организация №4;2331;1,3
Социальная организация №2;2332;1,25
Социальная организация №3;2333;1,3
Социальная организация №3;2334;1,3
Социальная организация №6;2335;1,25
Социальная организация №5;2336;1,3
Социальная организация №6;2337;1,25
Социальная организация №4;2338;1,3
Социальная организация №2;2339;1,25
Социальная организация №1;2340;1,2
Социальная организация №1;2341;1,2
Социальная организация №1;2342;1,2
Социальная организация №3;2343;1,3
Социальная организация №4;2344;1,3
Социальная организация №6;2345;1,25
Социальная организация №5;2346;1,3
Социальная организация №2;2347;1,25
Социальная организация №2;2348;1,25
Социальная организация №3;2349;1,3
Социальная организация №6;2350;1,25
Социальная организация №6;2351;1,25
Социальная организация №5;2352;1,3
Социальная организация №3;2353;1,3
Социальная организация №2;2354;1,25
Социальная организация №6;2355;1,25
Социальная организация №3;2356;1,3
Социальная организация №6;2357;1,25
Социальная организация №1;2358;1,2
Социальная организация №3;2359;1,3
Социальная организация №3;2360;1,3
Социальная организация №6;2361;1,25
Социальная организация №4;2362;1,3
Социальная организация №5;2363;1,3
Социальная организация №5;2364;1,3
Социальная организация №4;2365;1,3
Социальная организация №4;2366;1,3
Социальная организация №6;2367;1,25
Социальная организация №2;2368;1,25
Социальная организация №5;2369;1,3
Социальная организация №2;2370;1,25
Социальная организация №4;2371;1,3